<?xml version="1.0" encoding="UTF-8" ?>
<!DOCTYPE mapper PUBLIC "-//mybatis.org//DTD Mapper 3.0//EN" "http://mybatis.org/dtd/mybatis-3-mapper.dtd" >
<mapper namespace="com.bootstrap.banksy.core.mapper.SysModuleMapper" >
  <resultMap id="BaseResultMap" type="com.bootstrap.banksy.core.domain.SysModule" >
    <id column="id" property="id" jdbcType="VARCHAR" />
    <result column="parent_id" property="parentId" jdbcType="VARCHAR" />
    <result column="level" property="level" jdbcType="INTEGER" />
    <result column="name" property="name" jdbcType="VARCHAR" />
    <result column="page_name" property="pageName" jdbcType="VARCHAR" />
    <result column="datatable" property="datatable" jdbcType="VARCHAR" />
    <result column="register_time" property="registerTime" jdbcType="TIMESTAMP" />
    <result column="creator_userid" property="creatorUserid" jdbcType="VARCHAR" />
    <result column="create_time" property="createTime" jdbcType="TIMESTAMP" />
    <result column="update_userid" property="updateUserid" jdbcType="VARCHAR" />
    <result column="update_time" property="updateTime" jdbcType="TIMESTAMP" />
    <result column="is_del" property="isDel" jdbcType="INTEGER" />
    <result column="version" property="version" jdbcType="VARCHAR" />
  </resultMap>
  <resultMap id="ResultMapWithBLOBs" type="com.bootstrap.banksy.core.domain.SysModule" extends="BaseResultMap" >
    <result column="location" property="location" jdbcType="LONGVARCHAR" />
    <result column="description" property="description" jdbcType="LONGVARCHAR" />
  </resultMap>
  <sql id="Base_Column_List" >
    id, parent_id, level, name, page_name, datatable, register_time, creator_userid, 
    create_time, update_userid, update_time, is_del, version
  </sql>
  <sql id="Blob_Column_List" >
    location, description
  </sql>
  <select id="selectByPrimaryKey" resultMap="ResultMapWithBLOBs" parameterType="java.lang.String" >
    select 
    <include refid="Base_Column_List" />
    ,
    <include refid="Blob_Column_List" />
    from sys_module
    where id = #{id,jdbcType=VARCHAR}
  </select>
  <delete id="deleteByPrimaryKey" parameterType="java.lang.String" >
    delete from sys_module
    where id = #{id,jdbcType=VARCHAR}
  </delete>
  <insert id="insert" parameterType="com.bootstrap.banksy.core.domain.SysModule" >
    insert into sys_module (id, parent_id, level, 
      name, page_name, datatable, 
      register_time, creator_userid, create_time, 
      update_userid, update_time, is_del, 
      version, location, description
      )
    values (#{id,jdbcType=VARCHAR}, #{parentId,jdbcType=VARCHAR}, #{level,jdbcType=INTEGER}, 
      #{name,jdbcType=VARCHAR}, #{pageName,jdbcType=VARCHAR}, #{datatable,jdbcType=VARCHAR}, 
      #{registerTime,jdbcType=TIMESTAMP}, #{creatorUserid,jdbcType=VARCHAR}, #{createTime,jdbcType=TIMESTAMP}, 
      #{updateUserid,jdbcType=VARCHAR}, #{updateTime,jdbcType=TIMESTAMP}, #{isDel,jdbcType=INTEGER}, 
      #{version,jdbcType=VARCHAR}, #{location,jdbcType=LONGVARCHAR}, #{description,jdbcType=LONGVARCHAR}
      )
  </insert>
  <insert id="insertSelective" parameterType="com.bootstrap.banksy.core.domain.SysModule" >
    insert into sys_module
    <trim prefix="(" suffix=")" suffixOverrides="," >
      <if test="id != null" >
        id,
      </if>
      <if test="parentId != null" >
        parent_id,
      </if>
      <if test="level != null" >
        level,
      </if>
      <if test="name != null" >
        name,
      </if>
      <if test="pageName != null" >
        page_name,
      </if>
      <if test="datatable != null" >
        datatable,
      </if>
      <if test="registerTime != null" >
        register_time,
      </if>
      <if test="creatorUserid != null" >
        creator_userid,
      </if>
      <if test="createTime != null" >
        create_time,
      </if>
      <if test="updateUserid != null" >
        update_userid,
      </if>
      <if test="updateTime != null" >
        update_time,
      </if>
      <if test="isDel != null" >
        is_del,
      </if>
      <if test="version != null" >
        version,
      </if>
      <if test="location != null" >
        location,
      </if>
      <if test="description != null" >
        description,
      </if>
    </trim>
    <trim prefix="values (" suffix=")" suffixOverrides="," >
      <if test="id != null" >
        #{id,jdbcType=VARCHAR},
      </if>
      <if test="parentId != null" >
        #{parentId,jdbcType=VARCHAR},
      </if>
      <if test="level != null" >
        #{level,jdbcType=INTEGER},
      </if>
      <if test="name != null" >
        #{name,jdbcType=VARCHAR},
      </if>
      <if test="pageName != null" >
        #{pageName,jdbcType=VARCHAR},
      </if>
      <if test="datatable != null" >
        #{datatable,jdbcType=VARCHAR},
      </if>
      <if test="registerTime != null" >
        #{registerTime,jdbcType=TIMESTAMP},
      </if>
      <if test="creatorUserid != null" >
        #{creatorUserid,jdbcType=VARCHAR},
      </if>
      <if test="createTime != null" >
        #{createTime,jdbcType=TIMESTAMP},
      </if>
      <if test="updateUserid != null" >
        #{updateUserid,jdbcType=VARCHAR},
      </if>
      <if test="updateTime != null" >
        #{updateTime,jdbcType=TIMESTAMP},
      </if>
      <if test="isDel != null" >
        #{isDel,jdbcType=INTEGER},
      </if>
      <if test="version != null" >
        #{version,jdbcType=VARCHAR},
      </if>
      <if test="location != null" >
        #{location,jdbcType=LONGVARCHAR},
      </if>
      <if test="description != null" >
        #{description,jdbcType=LONGVARCHAR},
      </if>
    </trim>
  </insert>
  <update id="updateByPrimaryKeySelective" parameterType="com.bootstrap.banksy.core.domain.SysModule" >
    update sys_module
    <set >
      <if test="parentId != null" >
        parent_id = #{parentId,jdbcType=VARCHAR},
      </if>
      <if test="level != null" >
        level = #{level,jdbcType=INTEGER},
      </if>
      <if test="name != null" >
        name = #{name,jdbcType=VARCHAR},
      </if>
      <if test="pageName != null" >
        page_name = #{pageName,jdbcType=VARCHAR},
      </if>
      <if test="datatable != null" >
        datatable = #{datatable,jdbcType=VARCHAR},
      </if>
      <if test="registerTime != null" >
        register_time = #{registerTime,jdbcType=TIMESTAMP},
      </if>
      <if test="creatorUserid != null" >
        creator_userid = #{creatorUserid,jdbcType=VARCHAR},
      </if>
      <if test="createTime != null" >
        create_time = #{createTime,jdbcType=TIMESTAMP},
      </if>
      <if test="updateUserid != null" >
        update_userid = #{updateUserid,jdbcType=VARCHAR},
      </if>
      <if test="updateTime != null" >
        update_time = #{updateTime,jdbcType=TIMESTAMP},
      </if>
      <if test="isDel != null" >
        is_del = #{isDel,jdbcType=INTEGER},
      </if>
      <if test="version != null" >
        version = #{version,jdbcType=VARCHAR},
      </if>
      <if test="location != null" >
        location = #{location,jdbcType=LONGVARCHAR},
      </if>
      <if test="description != null" >
        description = #{description,jdbcType=LONGVARCHAR},
      </if>
    </set>
    where id = #{id,jdbcType=VARCHAR}
  </update>
  <update id="updateByPrimaryKeyWithBLOBs" parameterType="com.bootstrap.banksy.core.domain.SysModule" >
    update sys_module
    set parent_id = #{parentId,jdbcType=VARCHAR},
      level = #{level,jdbcType=INTEGER},
      name = #{name,jdbcType=VARCHAR},
      page_name = #{pageName,jdbcType=VARCHAR},
      datatable = #{datatable,jdbcType=VARCHAR},
      register_time = #{registerTime,jdbcType=TIMESTAMP},
      creator_userid = #{creatorUserid,jdbcType=VARCHAR},
      create_time = #{createTime,jdbcType=TIMESTAMP},
      update_userid = #{updateUserid,jdbcType=VARCHAR},
      update_time = #{updateTime,jdbcType=TIMESTAMP},
      is_del = #{isDel,jdbcType=INTEGER},
      version = #{version,jdbcType=VARCHAR},
      location = #{location,jdbcType=LONGVARCHAR},
      description = #{description,jdbcType=LONGVARCHAR}
    where id = #{id,jdbcType=VARCHAR}
  </update>
  <update id="updateByPrimaryKey" parameterType="com.bootstrap.banksy.core.domain.SysModule" >
    update sys_module
    set parent_id = #{parentId,jdbcType=VARCHAR},
      level = #{level,jdbcType=INTEGER},
      name = #{name,jdbcType=VARCHAR},
      page_name = #{pageName,jdbcType=VARCHAR},
      datatable = #{datatable,jdbcType=VARCHAR},
      register_time = #{registerTime,jdbcType=TIMESTAMP},
      creator_userid = #{creatorUserid,jdbcType=VARCHAR},
      create_time = #{createTime,jdbcType=TIMESTAMP},
      update_userid = #{updateUserid,jdbcType=VARCHAR},
      update_time = #{updateTime,jdbcType=TIMESTAMP},
      is_del = #{isDel,jdbcType=INTEGER},
      version = #{version,jdbcType=VARCHAR}
    where id = #{id,jdbcType=VARCHAR}
  </update>

  <select id="selectByMap" parameterType="map" resultMap="ResultMapWithBLOBs">
    SELECT
    <include refid="Blob_Column_List"/>
    from sys_module WHERE is_del = 1
    <if test="level != null and level != ''">
      and level = #{level}
    </if>
  </select>
</mapper>