<?xml version="1.0" encoding="UTF-8" ?>
<!DOCTYPE mapper PUBLIC "-//mybatis.org//DTD Mapper 3.0//EN" "http://mybatis.org/dtd/mybatis-3-mapper.dtd" >
<mapper namespace="com.bootstrap.banksy.core.mapper.SysOrgMapper" >
  <resultMap id="BaseResultMap" type="com.bootstrap.banksy.core.domain.SysOrg" >
    <id column="id" property="id" jdbcType="VARCHAR" />
    <result column="parent_id" property="parentId" jdbcType="VARCHAR" />
    <result column="node_type" property="nodeType" jdbcType="INTEGER" />
    <result column="ser_no" property="serNo" jdbcType="INTEGER" />
    <result column="code" property="code" jdbcType="VARCHAR" />
    <result column="name" property="name" jdbcType="VARCHAR" />
    <result column="alias" property="alias" jdbcType="VARCHAR" />
    <result column="fullname" property="fullname" jdbcType="VARCHAR" />
    <result column="postid" property="postid" jdbcType="VARCHAR" />
    <result column="validity" property="validity" jdbcType="INTEGER" />
    <result column="creator_userid" property="creatorUserid" jdbcType="VARCHAR" />
    <result column="create_time" property="createTime" jdbcType="TIMESTAMP" />
    <result column="update_userid" property="updateUserid" jdbcType="VARCHAR" />
    <result column="update_time" property="updateTime" jdbcType="TIMESTAMP" />
    <result column="is_del" property="isDel" jdbcType="INTEGER" />
    <result column="version" property="version" jdbcType="INTEGER" />
  </resultMap>
  <sql id="Base_Column_List" >
    id, parent_id, node_type, ser_no, code, name, alias, fullname, postid, validity,
    creator_userid, create_time, update_userid, update_time, is_del, version
  </sql>
  <select id="selectByPrimaryKey" resultMap="BaseResultMap" parameterType="java.lang.String" >
    select 
    <include refid="Base_Column_List" />
    from sys_org
    where id = #{id,jdbcType=VARCHAR}
  </select>
  <delete id="deleteByPrimaryKey" parameterType="java.lang.String" >
    delete from sys_org
    where id = #{id,jdbcType=VARCHAR}
  </delete>
  <insert id="insert" parameterType="com.bootstrap.banksy.core.domain.SysOrg" >
    insert into sys_org (id, parent_id,
      node_type, ser_no, code, 
      name, alias, fullname, 
      postid, validity, creator_userid, 
      create_time, update_userid, update_time, 
      is_del, version)
    values (#{id,jdbcType=VARCHAR}, #{parentId,jdbcType=VARCHAR},
      #{nodeType,jdbcType=INTEGER}, #{serNo,jdbcType=INTEGER}, #{code,jdbcType=VARCHAR}, 
      #{name,jdbcType=VARCHAR}, #{alias,jdbcType=VARCHAR}, #{fullname,jdbcType=VARCHAR}, 
      #{postid,jdbcType=VARCHAR}, #{validity,jdbcType=INTEGER}, #{creatorUserid,jdbcType=VARCHAR}, 
      #{createTime,jdbcType=TIMESTAMP}, #{updateUserid,jdbcType=VARCHAR}, #{updateTime,jdbcType=TIMESTAMP}, 
      #{isDel,jdbcType=INTEGER}, #{version,jdbcType=INTEGER})
  </insert>
  <insert id="insertSelective" parameterType="com.bootstrap.banksy.core.domain.SysOrg" >
    insert into sys_org
    <trim prefix="(" suffix=")" suffixOverrides="," >
      <if test="id != null" >
        id,
      </if>
      <if test="parentId != null" >
        parent_id,
      </if>
      <if test="nodeType != null" >
        node_type,
      </if>
      <if test="serNo != null" >
        ser_no,
      </if>
      <if test="code != null" >
        code,
      </if>
      <if test="name != null" >
        name,
      </if>
      <if test="alias != null" >
        alias,
      </if>
      <if test="fullname != null" >
        fullname,
      </if>
      <if test="postid != null" >
        postid,
      </if>
      <if test="validity != null" >
        validity,
      </if>
      <if test="creatorUserid != null" >
        creator_userid,
      </if>
      <if test="createTime != null" >
        create_time,
      </if>
      <if test="updateUserid != null" >
        update_userid,
      </if>
      <if test="updateTime != null" >
        update_time,
      </if>
      <if test="isDel != null" >
        is_del,
      </if>
      <if test="version != null" >
        version,
      </if>
    </trim>
    <trim prefix="values (" suffix=")" suffixOverrides="," >
      <if test="id != null" >
        #{id,jdbcType=VARCHAR},
      </if>
      <if test="parentId != null" >
        #{parentId,jdbcType=VARCHAR},
      </if>
      <if test="nodeType != null" >
        #{nodeType,jdbcType=INTEGER},
      </if>
      <if test="serNo != null" >
        #{serNo,jdbcType=INTEGER},
      </if>
      <if test="code != null" >
        #{code,jdbcType=VARCHAR},
      </if>
      <if test="name != null" >
        #{name,jdbcType=VARCHAR},
      </if>
      <if test="alias != null" >
        #{alias,jdbcType=VARCHAR},
      </if>
      <if test="fullname != null" >
        #{fullname,jdbcType=VARCHAR},
      </if>
      <if test="postid != null" >
        #{postid,jdbcType=VARCHAR},
      </if>
      <if test="validity != null" >
        #{validity,jdbcType=INTEGER},
      </if>
      <if test="creatorUserid != null" >
        #{creatorUserid,jdbcType=VARCHAR},
      </if>
      <if test="createTime != null" >
        #{createTime,jdbcType=TIMESTAMP},
      </if>
      <if test="updateUserid != null" >
        #{updateUserid,jdbcType=VARCHAR},
      </if>
      <if test="updateTime != null" >
        #{updateTime,jdbcType=TIMESTAMP},
      </if>
      <if test="isDel != null" >
        #{isDel,jdbcType=INTEGER},
      </if>
      <if test="version != null" >
        #{version,jdbcType=INTEGER},
      </if>
    </trim>
  </insert>
  <update id="updateByPrimaryKeySelective" parameterType="com.bootstrap.banksy.core.domain.SysOrg" >
    update sys_org
    <set >
      <if test="parentId != null" >
        parent_id = #{parentId,jdbcType=VARCHAR},
      </if>
      <if test="nodeType != null" >
        node_type = #{nodeType,jdbcType=INTEGER},
      </if>
      <if test="serNo != null" >
        ser_no = #{serNo,jdbcType=INTEGER},
      </if>
      <if test="code != null" >
        code = #{code,jdbcType=VARCHAR},
      </if>
      <if test="name != null" >
        name = #{name,jdbcType=VARCHAR},
      </if>
      <if test="alias != null" >
        alias = #{alias,jdbcType=VARCHAR},
      </if>
      <if test="fullname != null" >
        fullname = #{fullname,jdbcType=VARCHAR},
      </if>
      <if test="postid != null" >
        postid = #{postid,jdbcType=VARCHAR},
      </if>
      <if test="validity != null" >
        validity = #{validity,jdbcType=INTEGER},
      </if>
      <if test="creatorUserid != null" >
        creator_userid = #{creatorUserid,jdbcType=VARCHAR},
      </if>
      <if test="createTime != null" >
        create_time = #{createTime,jdbcType=TIMESTAMP},
      </if>
      <if test="updateUserid != null" >
        update_userid = #{updateUserid,jdbcType=VARCHAR},
      </if>
      <if test="updateTime != null" >
        update_time = #{updateTime,jdbcType=TIMESTAMP},
      </if>
      <if test="isDel != null" >
        is_del = #{isDel,jdbcType=INTEGER},
      </if>
      <if test="version != null" >
        version = #{version,jdbcType=INTEGER},
      </if>
    </set>
    where id = #{id,jdbcType=VARCHAR}
  </update>
  <update id="updateByPrimaryKey" parameterType="com.bootstrap.banksy.core.domain.SysOrg" >
    update sys_org
    set
      parent_id = #{parentId,jdbcType=VARCHAR},
      node_type = #{nodeType,jdbcType=INTEGER},
      ser_no = #{serNo,jdbcType=INTEGER},
      code = #{code,jdbcType=VARCHAR},
      name = #{name,jdbcType=VARCHAR},
      alias = #{alias,jdbcType=VARCHAR},
      fullname = #{fullname,jdbcType=VARCHAR},
      postid = #{postid,jdbcType=VARCHAR},
      validity = #{validity,jdbcType=INTEGER},
      creator_userid = #{creatorUserid,jdbcType=VARCHAR},
      create_time = #{createTime,jdbcType=TIMESTAMP},
      update_userid = #{updateUserid,jdbcType=VARCHAR},
      update_time = #{updateTime,jdbcType=TIMESTAMP},
      is_del = #{isDel,jdbcType=INTEGER},
      version = #{version,jdbcType=INTEGER}
    where id = #{id,jdbcType=VARCHAR}
  </update>
</mapper>