<?xml version="1.0" encoding="UTF-8" ?>
<!DOCTYPE mapper PUBLIC "-//mybatis.org//DTD Mapper 3.0//EN" "http://mybatis.org/dtd/mybatis-3-mapper.dtd" >
<mapper namespace="com.bootstrap.banksy.core.mapper.SysRoleMapper" >
  <resultMap id="BaseResultMap" type="com.bootstrap.banksy.core.domain.SysRole" >
    <id column="id" property="id" jdbcType="VARCHAR" />
    <result column="name" property="name" jdbcType="VARCHAR" />
    <result column="builtin" property="builtin" jdbcType="INTEGER" />
    <result column="creator_userid" property="creatorUserid" jdbcType="VARCHAR" />
    <result column="create_time" property="createTime" jdbcType="TIMESTAMP" />
    <result column="update_userid" property="updateUserid" jdbcType="VARCHAR" />
    <result column="update_time" property="updateTime" jdbcType="TIMESTAMP" />
  </resultMap>
  <resultMap id="ResultMapWithBLOBs" type="com.bootstrap.banksy.core.domain.SysRole" extends="BaseResultMap" >
    <result column="description" property="description" jdbcType="LONGVARCHAR" />
  </resultMap>
  <sql id="Base_Column_List" >
    id, name, builtin, creator_userid, create_time, update_userid, update_time
  </sql>
  <sql id="Blob_Column_List" >
    description
  </sql>
  <select id="selectByPrimaryKey" resultMap="ResultMapWithBLOBs" parameterType="java.lang.String" >
    select 
    <include refid="Base_Column_List" />
    ,
    <include refid="Blob_Column_List" />
    from sys_role
    where id = #{id,jdbcType=VARCHAR}
  </select>
  <delete id="deleteByPrimaryKey" parameterType="java.lang.String" >
    delete from sys_role
    where id = #{id,jdbcType=VARCHAR}
  </delete>
  <insert id="insert" parameterType="com.bootstrap.banksy.core.domain.SysRole" >
    insert into sys_role (id, name, builtin, 
      creator_userid, create_time, update_userid, 
      update_time, description)
    values (#{id,jdbcType=VARCHAR}, #{name,jdbcType=VARCHAR}, #{builtin,jdbcType=INTEGER}, 
      #{creatorUserid,jdbcType=VARCHAR}, #{createTime,jdbcType=TIMESTAMP}, #{updateUserid,jdbcType=VARCHAR}, 
      #{updateTime,jdbcType=TIMESTAMP}, #{description,jdbcType=LONGVARCHAR})
  </insert>
  <insert id="insertSelective" parameterType="com.bootstrap.banksy.core.domain.SysRole" >
    insert into sys_role
    <trim prefix="(" suffix=")" suffixOverrides="," >
      <if test="id != null" >
        id,
      </if>
      <if test="name != null" >
        name,
      </if>
      <if test="builtin != null" >
        builtin,
      </if>
      <if test="creatorUserid != null" >
        creator_userid,
      </if>
      <if test="createTime != null" >
        create_time,
      </if>
      <if test="updateUserid != null" >
        update_userid,
      </if>
      <if test="updateTime != null" >
        update_time,
      </if>
      <if test="description != null" >
        description,
      </if>
    </trim>
    <trim prefix="values (" suffix=")" suffixOverrides="," >
      <if test="id != null" >
        #{id,jdbcType=VARCHAR},
      </if>
      <if test="name != null" >
        #{name,jdbcType=VARCHAR},
      </if>
      <if test="builtin != null" >
        #{builtin,jdbcType=INTEGER},
      </if>
      <if test="creatorUserid != null" >
        #{creatorUserid,jdbcType=VARCHAR},
      </if>
      <if test="createTime != null" >
        #{createTime,jdbcType=TIMESTAMP},
      </if>
      <if test="updateUserid != null" >
        #{updateUserid,jdbcType=VARCHAR},
      </if>
      <if test="updateTime != null" >
        #{updateTime,jdbcType=TIMESTAMP},
      </if>
      <if test="description != null" >
        #{description,jdbcType=LONGVARCHAR},
      </if>
    </trim>
  </insert>
  <update id="updateByPrimaryKeySelective" parameterType="com.bootstrap.banksy.core.domain.SysRole" >
    update sys_role
    <set >
      <if test="name != null" >
        name = #{name,jdbcType=VARCHAR},
      </if>
      <if test="builtin != null" >
        builtin = #{builtin,jdbcType=INTEGER},
      </if>
      <if test="creatorUserid != null" >
        creator_userid = #{creatorUserid,jdbcType=VARCHAR},
      </if>
      <if test="createTime != null" >
        create_time = #{createTime,jdbcType=TIMESTAMP},
      </if>
      <if test="updateUserid != null" >
        update_userid = #{updateUserid,jdbcType=VARCHAR},
      </if>
      <if test="updateTime != null" >
        update_time = #{updateTime,jdbcType=TIMESTAMP},
      </if>
      <if test="description != null" >
        description = #{description,jdbcType=LONGVARCHAR},
      </if>
    </set>
    where id = #{id,jdbcType=VARCHAR}
  </update>
  <update id="updateByPrimaryKeyWithBLOBs" parameterType="com.bootstrap.banksy.core.domain.SysRole" >
    update sys_role
    set name = #{name,jdbcType=VARCHAR},
      builtin = #{builtin,jdbcType=INTEGER},
      creator_userid = #{creatorUserid,jdbcType=VARCHAR},
      create_time = #{createTime,jdbcType=TIMESTAMP},
      update_userid = #{updateUserid,jdbcType=VARCHAR},
      update_time = #{updateTime,jdbcType=TIMESTAMP},
      description = #{description,jdbcType=LONGVARCHAR}
    where id = #{id,jdbcType=VARCHAR}
  </update>
  <update id="updateByPrimaryKey" parameterType="com.bootstrap.banksy.core.domain.SysRole" >
    update sys_role
    set name = #{name,jdbcType=VARCHAR},
      builtin = #{builtin,jdbcType=INTEGER},
      creator_userid = #{creatorUserid,jdbcType=VARCHAR},
      create_time = #{createTime,jdbcType=TIMESTAMP},
      update_userid = #{updateUserid,jdbcType=VARCHAR},
      update_time = #{updateTime,jdbcType=TIMESTAMP}
    where id = #{id,jdbcType=VARCHAR}
  </update>
</mapper>